id,committee_id,member_id,role
c2g3h4i5-b6c7-8d9e-0f1a-2b3c4d5e0001,b1f2e3d4-a5b6-7c8d-9e0f-1a2b3c4d0005,a0eebc99-9c0b-4ef8-bb6d-6bb9bd380016,Chairman
c2g3h4i5-b6c7-8d9e-0f1a-2b3c4d5e0002,b1f2e3d4-a5b6-7c8d-9e0f-1a2b3c4d0005,a0eebc99-9c0b-4ef8-bb6d-6bb9bd380009,Vice Chairman
c2g3h4i5-b6c7-8d9e-0f1a-2b3c4d5e0003,b1f2e3d4-a5b6-7c8d-9e0f-1a2b3c4d0005,a0eebc99-9c0b-4ef8-bb6d-6bb9bd380012,First Member
c2g3h4i5-b6c7-8d9e-0f1a-2b3c4d5e0004,b1f2e3d4-a5b6-7c8d-9e0f-1a2b3c4d0005,a0eebc99-9c0b-4ef8-bb6d-6bb9bd380013,Second Member
c2g3h4i5-b6c7-8d9e-0f1a-2b3c4d5e0005,b1f2e3d4-a5b6-7c8d-9e0f-1a2b3c4d0005,a0eebc99-9c0b-4ef8-bb6d-6bb9bd380010,Third Member
c2g3h4i5-b6c7-8d9e-0f1a-2b3c4d5e0006,b1f2e3d4-a5b6-7c8d-9e0f-1a2b3c4d0006,a0eebc99-9c0b-4ef8-bb6d-6bb9bd380017,Chairman
c2g3h4i5-b6c7-8d9e-0f1a-2b3c4d5e0007,b1f2e3d4-a5b6-7c8d-9e0f-1a2b3c4d0006,a0eebc99-9c0b-4ef8-bb6d-6bb9bd380018,Vice Chairman
c2g3h4i5-b6c7-8d9e-0f1a-2b3c4d5e0008,b1f2e3d4-a5b6-7c8d-9e0f-1a2b3c4d0006,a0eebc99-9c0b-4ef8-bb6d-6bb9bd380012,First Member
c2g3h4i5-b6c7-8d9e-0f1a-2b3c4d5e0009,b1f2e3d4-a5b6-7c8d-9e0f-1a2b3c4d0006,a0eebc99-9c0b-4ef8-bb6d-6bb9bd380015,Second Member
c2g3h4i5-b6c7-8d9e-0f1a-2b3c4d5e0010,b1f2e3d4-a5b6-7c8d-9e0f-1a2b3c4d0006,a0eebc99-9c0b-4ef8-bb6d-6bb9bd380011,Third Member
c2g3h4i5-b6c7-8d9e-0f1a-2b3c4d5e0011,b1f2e3d4-a5b6-7c8d-9e0f-1a2b3c4d0007,a0eebc99-9c0b-4ef8-bb6d-6bb9bd380012,Chairman
c2g3h4i5-b6c7-8d9e-0f1a-2b3c4d5e0012,b1f2e3d4-a5b6-7c8d-9e0f-1a2b3c4d0007,a0eebc99-9c0b-4ef8-bb6d-6bb9bd380009,Vice Chairman
c2g3h4i5-b6c7-8d9e-0f1a-2b3c4d5e0013,b1f2e3d4-a5b6-7c8d-9e0f-1a2b3c4d0007,a0eebc99-9c0b-4ef8-bb6d-6bb9bd380011,First Member
c2g3h4i5-b6c7-8d9e-0f1a-2b3c4d5e0014,b1f2e3d4-a5b6-7c8d-9e0f-1a2b3c4d0007,a0eebc99-9c0b-4ef8-bb6d-6bb9bd380010,Second Member
c2g3h4i5-b6c7-8d9e-0f1a-2b3c4d5e0015,b1f2e3d4-a5b6-7c8d-9e0f-1a2b3c4d0007,a0eebc99-9c0b-4ef8-bb6d-6bb9bd380016,Third Member
c2g3h4i5-b6c7-8d9e-0f1a-2b3c4d5e0016,b1f2e3d4-a5b6-7c8d-9e0f-1a2b3c4d0008,a0eebc99-9c0b-4ef8-bb6d-6bb9bd380013,Chairman
c2g3h4i5-b6c7-8d9e-0f1a-2b3c4d5e0017,b1f2e3d4-a5b6-7c8d-9e0f-1a2b3c4d0008,a0eebc99-9c0b-4ef8-bb6d-6bb9bd380014,Vice Chairman
c2g3h4i5-b6c7-8d9e-0f1a-2b3c4d5e0018,b1f2e3d4-a5b6-7c8d-9e0f-1a2b3c4d0008,a0eebc99-9c0b-4ef8-bb6d-6bb9bd380011,First Member
c2g3h4i5-b6c7-8d9e-0f1a-2b3c4d5e0019,b1f2e3d4-a5b6-7c8d-9e0f-1a2b3c4d0008,a0eebc99-9c0b-4ef8-bb6d-6bb9bd380009,Second Member
c2g3h4i5-b6c7-8d9e-0f1a-2b3c4d5e0020,b1f2e3d4-a5b6-7c8d-9e0f-1a2b3c4d0008,a0eebc99-9c0b-4ef8-bb6d-6bb9bd380018,Third Member
c2g3h4i5-b6c7-8d9e-0f1a-2b3c4d5e0021,b1f2e3d4-a5b6-7c8d-9e0f-1a2b3c4d0009,a0eebc99-9c0b-4ef8-bb6d-6bb9bd380014,Chairman
c2g3h4i5-b6c7-8d9e-0f1a-2b3c4d5e0022,b1f2e3d4-a5b6-7c8d-9e0f-1a2b3c4d0009,a0eebc99-9c0b-4ef8-bb6d-6bb9bd380010,Vice Chairman
c2g3h4i5-b6c7-8d9e-0f1a-2b3c4d5e0023,b1f2e3d4-a5b6-7c8d-9e0f-1a2b3c4d0009,a0eebc99-9c0b-4ef8-bb6d-6bb9bd380009,First Member
c2g3h4i5-b6c7-8d9e-0f1a-2b3c4d5e0024,b1f2e3d4-a5b6-7c8d-9e0f-1a2b3c4d0009,a0eebc99-9c0b-4ef8-bb6d-6bb9bd380015,Second Member
c2g3h4i5-b6c7-8d9e-0f1a-2b3c4d5e0025,b1f2e3d4-a5b6-7c8d-9e0f-1a2b3c4d0009,a0eebc99-9c0b-4ef8-bb6d-6bb9bd380013,Third Member
c2g3h4i5-b6c7-8d9e-0f1a-2b3c4d5e0026,b1f2e3d4-a5b6-7c8d-9e0f-1a2b3c4d0010,a0eebc99-9c0b-4ef8-bb6d-6bb9bd380009,Chairman
c2g3h4i5-b6c7-8d9e-0f1a-2b3c4d5e0027,b1f2e3d4-a5b6-7c8d-9e0f-1a2b3c4d0010,a0eebc99-9c0b-4ef8-bb6d-6bb9bd380014,Vice Chairman
c2g3h4i5-b6c7-8d9e-0f1a-2b3c4d5e0028,b1f2e3d4-a5b6-7c8d-9e0f-1a2b3c4d0010,a0eebc99-9c0b-4ef8-bb6d-6bb9bd380016,First Member
c2g3h4i5-b6c7-8d9e-0f1a-2b3c4d5e0029,b1f2e3d4-a5b6-7c8d-9e0f-1a2b3c4d0010,a0eebc99-9c0b-4ef8-bb6d-6bb9bd380015,Second Member
c2g3h4i5-b6c7-8d9e-0f1a-2b3c4d5e0030,b1f2e3d4-a5b6-7c8d-9e0f-1a2b3c4d0010,a0eebc99-9c0b-4ef8-bb6d-6bb9bd380012,Third Member
c2g3h4i5-b6c7-8d9e-0f1a-2b3c4d5e0031,b1f2e3d4-a5b6-7c8d-9e0f-1a2b3c4d0011,a0eebc99-9c0b-4ef8-bb6d-6bb9bd380012,Chairman
c2g3h4i5-b6c7-8d9e-0f1a-2b3c4d5e0032,b1f2e3d4-a5b6-7c8d-9e0f-1a2b3c4d0011,a0eebc99-9c0b-4ef8-bb6d-6bb9bd380015,Vice Chairman
c2g3h4i5-b6c7-8d9e-0f1a-2b3c4d5e0033,b1f2e3d4-a5b6-7c8d-9e0f-1a2b3c4d0011,a0eebc99-9c0b-4ef8-bb6d-6bb9bd380017,First Member
c2g3h4i5-b6c7-8d9e-0f1a-2b3c4d5e0034,b1f2e3d4-a5b6-7c8d-9e0f-1a2b3c4d0011,a0eebc99-9c0b-4ef8-bb6d-6bb9bd380010,Second Member
c2g3h4i5-b6c7-8d9e-0f1a-2b3c4d5e0035,b1f2e3d4-a5b6-7c8d-9e0f-1a2b3c4d0011,a0eebc99-9c0b-4ef8-bb6d-6bb9bd380018,Third Member
c2g3h4i5-b6c7-8d9e-0f1a-2b3c4d5e0036,b1f2e3d4-a5b6-7c8d-9e0f-1a2b3c4d0012,a0eebc99-9c0b-4ef8-bb6d-6bb9bd380015,Chairman
c2g3h4i5-b6c7-8d9e-0f1a-2b3c4d5e0037,b1f2e3d4-a5b6-7c8d-9e0f-1a2b3c4d0012,a0eebc99-9c0b-4ef8-bb6d-6bb9bd380010,Vice Chairman
c2g3h4i5-b6c7-8d9e-0f1a-2b3c4d5e0038,b1f2e3d4-a5b6-7c8d-9e0f-1a2b3c4d0012,a0eebc99-9c0b-4ef8-bb6d-6bb9bd380011,First Member
c2g3h4i5-b6c7-8d9e-0f1a-2b3c4d5e0039,b1f2e3d4-a5b6-7c8d-9e0f-1a2b3c4d0012,a0eebc99-9c0b-4ef8-bb6d-6bb9bd380016,Second Member
c2g3h4i5-b6c7-8d9e-0f1a-2b3c4d5e0040,b1f2e3d4-a5b6-7c8d-9e0f-1a2b3c4d0012,a0eebc99-9c0b-4ef8-bb6d-6bb9bd380014,Third Member
c2g3h4i5-b6c7-8d9e-0f1a-2b3c4d5e0041,b1f2e3d4-a5b6-7c8d-9e0f-1a2b3c4d0013,a0eebc99-9c0b-4ef8-bb6d-6bb9bd380010,Chairman
c2g3h4i5-b6c7-8d9e-0f1a-2b3c4d5e0042,b1f2e3d4-a5b6-7c8d-9e0f-1a2b3c4d0013,a0eebc99-9c0b-4ef8-bb6d-6bb9bd380014,Vice Chairman
c2g3h4i5-b6c7-8d9e-0f1a-2b3c4d5e0043,b1f2e3d4-a5b6-7c8d-9e0f-1a2b3c4d0013,a0eebc99-9c0b-4ef8-bb6d-6bb9bd380015,First Member
c2g3h4i5-b6c7-8d9e-0f1a-2b3c4d5e0044,b1f2e3d4-a5b6-7c8d-9e0f-1a2b3c4d0013,a0eebc99-9c0b-4ef8-bb6d-6bb9bd380016,Second Member
c2g3h4i5-b6c7-8d9e-0f1a-2b3c4d5e0045,b1f2e3d4-a5b6-7c8d-9e0f-1a2b3c4d0013,a0eebc99-9c0b-4ef8-bb6d-6bb9bd380018,Third Member
c2g3h4i5-b6c7-8d9e-0f1a-2b3c4d5e0046,b1f2e3d4-a5b6-7c8d-9e0f-1a2b3c4d0014,a0eebc99-9c0b-4ef8-bb6d-6bb9bd380018,Chairman
c2g3h4i5-b6c7-8d9e-0f1a-2b3c4d5e0047,b1f2e3d4-a5b6-7c8d-9e0f-1a2b3c4d0014,a0eebc99-9c0b-4ef8-bb6d-6bb9bd380011,Vice Chairman
c2g3h4i5-b6c7-8d9e-0f1a-2b3c4d5e0048,b1f2e3d4-a5b6-7c8d-9e0f-1a2b3c4d0014,a0eebc99-9c0b-4ef8-bb6d-6bb9bd380015,First Member
c2g3h4i5-b6c7-8d9e-0f1a-2b3c4d5e0049,b1f2e3d4-a5b6-7c8d-9e0f-1a2b3c4d0014,a0eebc99-9c0b-4ef8-bb6d-6bb9bd380013,Second Member
c2g3h4i5-b6c7-8d9e-0f1a-2b3c4d5e0050,b1f2e3d4-a5b6-7c8d-9e0f-1a2b3c4d0014,a0eebc99-9c0b-4ef8-bb6d-6bb9bd380010,Third Member
c2g3h4i5-b6c7-8d9e-0f1a-2b3c4d5e0051,b1f2e3d4-a5b6-7c8d-9e0f-1a2b3c4d0015,a0eebc99-9c0b-4ef8-bb6d-6bb9bd380014,Chairman
c2g3h4i5-b6c7-8d9e-0f1a-2b3c4d5e0052,b1f2e3d4-a5b6-7c8d-9e0f-1a2b3c4d0015,a0eebc99-9c0b-4ef8-bb6d-6bb9bd380015,Vice Chairman
c2g3h4i5-b6c7-8d9e-0f1a-2b3c4d5e0053,b1f2e3d4-a5b6-7c8d-9e0f-1a2b3c4d0015,a0eebc99-9c0b-4ef8-bb6d-6bb9bd380017,First Member
c2g3h4i5-b6c7-8d9e-0f1a-2b3c4d5e0054,b1f2e3d4-a5b6-7c8d-9e0f-1a2b3c4d0015,a0eebc99-9c0b-4ef8-bb6d-6bb9bd380009,Second Member
c2g3h4i5-b6c7-8d9e-0f1a-2b3c4d5e0055,b1f2e3d4-a5b6-7c8d-9e0f-1a2b3c4d0015,a0eebc99-9c0b-4ef8-bb6d-6bb9bd380012,Third Member
c2g3h4i5-b6c7-8d9e-0f1a-2b3c4d5e0056,b1f2e3d4-a5b6-7c8d-9e0f-1a2b3c4d0016,a0eebc99-9c0b-4ef8-bb6d-6bb9bd380011,Chairman
c2g3h4i5-b6c7-8d9e-0f1a-2b3c4d5e0057,b1f2e3d4-a5b6-7c8d-9e0f-1a2b3c4d0016,a0eebc99-9c0b-4ef8-bb6d-6bb9bd380017,Vice Chairman
c2g3h4i5-b6c7-8d9e-0f1a-2b3c4d5e0058,b1f2e3d4-a5b6-7c8d-9e0f-1a2b3c4d0016,a0eebc99-9c0b-4ef8-bb6d-6bb9bd380018,First Member
c2g3h4i5-b6c7-8d9e-0f1a-2b3c4d5e0059,b1f2e3d4-a5b6-7c8d-9e0f-1a2b3c4d0016,a0eebc99-9c0b-4ef8-bb6d-6bb9bd380015,Second Member
c2g3h4i5-b6c7-8d9e-0f1a-2b3c4d5e0060,b1f2e3d4-a5b6-7c8d-9e0f-1a2b3c4d0016,a0eebc99-9c0b-4ef8-bb6d-6bb9bd380009,Third Member
c2g3h4i5-b6c7-8d9e-0f1a-2b3c4d5e0061,b1f2e3d4-a5b6-7c8d-9e0f-1a2b3c4d0017,a0eebc99-9c0b-4ef8-bb6d-6bb9bd380016,Chairman
c2g3h4i5-b6c7-8d9e-0f1a-2b3c4d5e0062,b1f2e3d4-a5b6-7c8d-9e0f-1a2b3c4d0017,a0eebc99-9c0b-4ef8-bb6d-6bb9bd380009,Vice Chairman
c2g3h4i5-b6c7-8d9e-0f1a-2b3c4d5e0063,b1f2e3d4-a5b6-7c8d-9e0f-1a2b3c4d0017,a0eebc99-9c0b-4ef8-bb6d-6bb9bd380012,First Member
c2g3h4i5-b6c7-8d9e-0f1a-2b3c4d5e0064,b1f2e3d4-a5b6-7c8d-9e0f-1a2b3c4d0017,a0eebc99-9c0b-4ef8-bb6d-6bb9bd380011,Second Member
c2g3h4i5-b6c7-8d9e-0f1a-2b3c4d5e0065,b1f2e3d4-a5b6-7c8d-9e0f-1a2b3c4d0017,a0eebc99-9c0b-4ef8-bb6d-6bb9bd380015,Third Member
c2g3h4i5-b6c7-8d9e-0f1a-2b3c4d5e0066,b1f2e3d4-a5b6-7c8d-9e0f-1a2b3c4d0018,a0eebc99-9c0b-4ef8-bb6d-6bb9bd380015,Chairman
c2g3h4i5-b6c7-8d9e-0f1a-2b3c4d5e0067,b1f2e3d4-a5b6-7c8d-9e0f-1a2b3c4d0018,a0eebc99-9c0b-4ef8-bb6d-6bb9bd380017,Vice Chairman
c2g3h4i5-b6c7-8d9e-0f1a-2b3c4d5e0068,b1f2e3d4-a5b6-7c8d-9e0f-1a2b3c4d0018,a0eebc99-9c0b-4ef8-bb6d-6bb9bd380018,First Member
c2g3h4i5-b6c7-8d9e-0f1a-2b3c4d5e0069,b1f2e3d4-a5b6-7c8d-9e0f-1a2b3c4d0018,a0eebc99-9c0b-4ef8-bb6d-6bb9bd380014,Second Member
c2g3h4i5-b6c7-8d9e-0f1a-2b3c4d5e0070,b1f2e3d4-a5b6-7c8d-9e0f-1a2b3c4d0018,a0eebc99-9c0b-4ef8-bb6d-6bb9bd380010,Third Member
c2g3h4i5-b6c7-8d9e-0f1a-2b3c4d5e0071,b1f2e3d4-a5b6-7c8d-9e0f-1a2b3c4d0019,a0eebc99-9c0b-4ef8-bb6d-6bb9bd380014,Chairman
c2g3h4i5-b6c7-8d9e-0f1a-2b3c4d5e0072,b1f2e3d4-a5b6-7c8d-9e0f-1a2b3c4d0019,a0eebc99-9c0b-4ef8-bb6d-6bb9bd380015,Vice Chairman
c2g3h4i5-b6c7-8d9e-0f1a-2b3c4d5e0073,b1f2e3d4-a5b6-7c8d-9e0f-1a2b3c4d0019,a0eebc99-9c0b-4ef8-bb6d-6bb9bd380011,First Member
c2g3h4i5-b6c7-8d9e-0f1a-2b3c4d5e0074,b1f2e3d4-a5b6-7c8d-9e0f-1a2b3c4d0019,a0eebc99-9c0b-4ef8-bb6d-6bb9bd380013,Second Member
c2g3h4i5-b6c7-8d9e-0f1a-2b3c4d5e0075,b1f2e3d4-a5b6-7c8d-9e0f-1a2b3c4d0019,a0eebc99-9c0b-4ef8-bb6d-6bb9bd380016,Third Member
c2g3h4i5-b6c7-8d9e-0f1a-2b3c4d5e0076,b1f2e3d4-a5b6-7c8d-9e0f-1a2b3c4d0020,a0eebc99-9c0b-4ef8-bb6d-6bb9bd380012,Chairman
c2g3h4i5-b6c7-8d9e-0f1a-2b3c4d5e0077,b1f2e3d4-a5b6-7c8d-9e0f-1a2b3c4d0020,a0eebc99-9c0b-4ef8-bb6d-6bb9bd380015,Vice Chairman
c2g3h4i5-b6c7-8d9e-0f1a-2b3c4d5e0078,b1f2e3d4-a5b6-7c8d-9e0f-1a2b3c4d0020,a0eebc99-9c0b-4ef8-bb6d-6bb9bd380017,First Member
c2g3h4i5-b6c7-8d9e-0f1a-2b3c4d5e0079,b1f2e3d4-a5b6-7c8d-9e0f-1a2b3c4d0020,a0eebc99-9c0b-4ef8-bb6d-6bb9bd380016,Second Member
c2g3h4i5-b6c7-8d9e-0f1a-2b3c4d5e0080,b1f2e3d4-a5b6-7c8d-9e0f-1a2b3c4d0020,a0eebc99-9c0b-4ef8-bb6d-6bb9bd380009,Third Member
c2g3h4i5-b6c7-8d9e-0f1a-2b3c4d5e0081,b1f2e3d4-a5b6-7c8d-9e0f-1a2b3c4d0021,a0eebc99-9c0b-4ef8-bb6d-6bb9bd380015,Chairman
c2g3h4i5-b6c7-8d9e-0f1a-2b3c4d5e0082,b1f2e3d4-a5b6-7c8d-9e0f-1a2b3c4d0021,a0eebc99-9c0b-4ef8-bb6d-6bb9bd380012,Vice Chairman
c2g3h4i5-b6c7-8d9e-0f1a-2b3c4d5e0083,b1f2e3d4-a5b6-7c8d-9e0f-1a2b3c4d0021,a0eebc99-9c0b-4ef8-bb6d-6bb9bd380011,First Member
c2g3h4i5-b6c7-8d9e-0f1a-2b3c4d5e0084,b1f2e3d4-a5b6-7c8d-9e0f-1a2b3c4d0021,a0eebc99-9c0b-4ef8-bb6d-6bb9bd380016,Second Member
c2g3h4i5-b6c7-8d9e-0f1a-2b3c4d5e0085,b1f2e3d4-a5b6-7c8d-9e0f-1a2b3c4d0021,a0eebc99-9c0b-4ef8-bb6d-6bb9bd380010,Third Member
c2g3h4i5-b6c7-8d9e-0f1a-2b3c4d5e0086,b1f2e3d4-a5b6-7c8d-9e0f-1a2b3c4d0022,a0eebc99-9c0b-4ef8-bb6d-6bb9bd380016,Chairman
c2g3h4i5-b6c7-8d9e-0f1a-2b3c4d5e0087,b1f2e3d4-a5b6-7c8d-9e0f-1a2b3c4d0022,a0eebc99-9c0b-4ef8-bb6d-6bb9bd380014,Vice Chairman
c2g3h4i5-b6c7-8d9e-0f1a-2b3c4d5e0088,b1f2e3d4-a5b6-7c8d-9e0f-1a2b3c4d0022,a0eebc99-9c0b-4ef8-bb6d-6bb9bd380015,First Member
c2g3h4i5-b6c7-8d9e-0f1a-2b3c4d5e0089,b1f2e3d4-a5b6-7c8d-9e0f-1a2b3c4d0022,a0eebc99-9c0b-4ef8-bb6d-6bb9bd380012,Second Member
c2g3h4i5-b6c7-8d9e-0f1a-2b3c4d5e0090,b1f2e3d4-a5b6-7c8d-9e0f-1a2b3c4d0022,a0eebc99-9c0b-4ef8-bb6d-6bb9bd380010,Third Member
c2g3h4i5-b6c7-8d9e-0f1a-2b3c4d5e0091,b1f2e3d4-a5b6-7c8d-9e0f-1a2b3c4d0023,a0eebc99-9c0b-4ef8-bb6d-6bb9bd380011,Chairman
c2g3h4i5-b6c7-8d9e-0f1a-2b3c4d5e0092,b1f2e3d4-a5b6-7c8d-9e0f-1a2b3c4d0023,a0eebc99-9c0b-4ef8-bb6d-6bb9bd380014,Vice Chairman
c2g3h4i5-b6c7-8d9e-0f1a-2b3c4d5e0093,b1f2e3d4-a5b6-7c8d-9e0f-1a2b3c4d0023,a0eebc99-9c0b-4ef8-bb6d-6bb9bd380015,First Member
c2g3h4i5-b6c7-8d9e-0f1a-2b3c4d5e0094,b1f2e3d4-a5b6-7c8d-9e0f-1a2b3c4d0023,a0eebc99-9c0b-4ef8-bb6d-6bb9bd380016,Second Member
c2g3h4i5-b6c7-8d9e-0f1a-2b3c4d5e0095,b1f2e3d4-a5b6-7c8d-9e0f-1a2b3c4d0023,a0eebc99-9c0b-4ef8-bb6d-6bb9bd380017,Third Member